Actual Value,Predicted Value,Difference,Percentage Difference
27000,25996.65,1003.3499999999985,3.72
19900,20083.0,-183.0,-0.92
27900,28248.5,-348.5,-1.25
31000,25324.0,5676.0,18.31
2200,44012.0,-41812.0,-1900.55
56000,60095.0,-4095.0,-7.31
22500,21807.666666666664,692.3333333333358,3.08
23000,23126.0,-126.0,-0.55
26000,42742.0,-16742.0,-64.39
46000,67190.95,-21190.949999999997,-46.07
52000,49326.91,2673.0899999999965,5.14
43800,42392.0,1408.0,3.21
89000,82460.0,6540.0,7.35
78500,69934.0,8566.0,10.91
98000,84205.5,13794.5,14.08
30500,28700.67,1799.3300000000017,5.9
17000,17531.0,-531.0,-3.12
43000,40035.75,2964.25,6.89
77000,62322.5,14677.5,19.06
19000,16888.0,2112.0,11.12
64000,68507.0,-4507.0,-7.04
62000,63344.5,-1344.5,-2.17
72000,67184.0,4816.0,6.69
20500,27927.818333333336,-7427.818333333336,-36.23
39000,57778.0,-18778.0,-48.15
78000,65082.0,12918.0,16.56
32500,41912.0,-9412.0,-28.96
11111,83190.0,-72079.0,-648.72
23999,19318.47619047619,4680.523809523809,19.5
18700,24252.33333333333,-5552.3333333333285,-29.69
35000,32515.851500000004,2484.1484999999957,7.1
16500,12792.0,3708.0,22.47
24500,23482.5,1017.5,4.15
27200,27744.283333333336,-544.2833333333365,-2.0
57500,57414.882000000005,85.11799999999494,0.15
28000,26889.33333333333,1110.6666666666715,3.97
40000,47685.33333333334,-7685.333333333343,-19.21
77000,76560.0,440.0,0.57
44000,40268.4,3731.5999999999985,8.48
21000,16132.94,4867.0599999999995,23.18
25000,37509.0,-12509.0,-50.04
49000,89430.0,-40430.0,-82.51
69000,54600.0,14400.0,20.87
40500,40385.666666666664,114.33333333333576,0.28
24000,23232.0,768.0,3.2
44500,39239.68666666667,5260.313333333332,11.82
65000,69538.33333333333,-4538.3333333333285,-6.98
38000,38028.9,-28.900000000001455,-0.08
18400,16439.0,1961.0,10.66
52500,52825.0,-325.0,-0.62
60000,75642.0,-15642.0,-26.07
16500,19165.67,-2665.6699999999983,-16.16
21000,22148.51,-1148.5099999999984,-5.47
33000,53983.67333333334,-20983.67333333334,-63.59
51999,51582.66666666666,416.33333333334303,0.8
21000,20776.5,223.5,1.06
42000,47176.00000000001,-5176.000000000007,-12.32
30000,30377.5,-377.5,-1.26
42000,37294.43,4705.57,11.2
35000,41148.33,-6148.330000000002,-17.57
75000,77770.0,-2770.0,-3.69
42000,41659.5,340.5,0.81
19500,17285.0,2215.0,11.36
42000,40714.5,1285.5,3.06
104000,95438.0,8562.0,8.23
49000,47765.0,1235.0,2.52
19500,37658.566666666666,-18158.566666666666,-93.12
43000,42285.0,715.0,1.66
29000,27860.99,1139.0099999999984,3.93
25000,26585.48,-1585.4799999999996,-6.34
76000,80339.4,-4339.399999999994,-5.71
98500,81344.98,17155.020000000004,17.42
63000,65785.0,-2785.0,-4.42
34900,36749.0,-1849.0,-5.3
64000,64768.84,-768.8399999999965,-1.2
42000,44782.0,-2782.0,-6.62
21000,21155.15,-155.15000000000146,-0.74
34500,42730.0,-8230.0,-23.86
13000,20777.873333333333,-7777.873333333333,-59.83
27500,28691.99,-1191.9900000000016,-4.33
67000,76822.41142857143,-9822.411428571431,-14.66
32000,34468.16666666667,-2468.1666666666715,-7.71
43000,36968.333333333336,6031.666666666664,14.03
56500,51829.995,4670.004999999997,8.27
63000,76320.5,-13320.5,-21.14
41500,41752.0,-252.0,-0.61
32000,33432.98,-1432.9800000000032,-4.48
34000,32045.0,1955.0,5.75
25000,30774.393333333333,-5774.393333333333,-23.1
52000,57205.0,-5205.0,-10.01
44000,36431.0,7569.0,17.2
42500,41143.0,1357.0,3.19
16300,15966.27380952381,333.7261904761908,2.05
25000,22026.64,2973.3600000000006,11.89
44000,41752.25,2247.75,5.11
21000,20982.0,18.0,0.09
46000,41457.34333333333,4542.6566666666695,9.88
25500,28272.49,-2772.4900000000016,-10.87
33500,38469.0,-4969.0,-14.83
25000,20216.0,4784.0,19.14
33500,28381.333333333336,5118.666666666664,15.28
45000,40446.666666666664,4553.333333333336,10.12
25000,20868.9,4131.0999999999985,16.52
42000,34071.0,7929.0,18.88
23800,23268.0,532.0,2.24
10500,20853.666666666664,-10353.666666666664,-98.61
107000,97242.5,9757.5,9.12
11111,62183.0,-51072.0,-459.65
8300,13015.041666666668,-4715.041666666668,-56.81
22000,22578.000000000004,-578.0000000000036,-2.63
33500,36824.7,-3324.699999999997,-9.92
16900,38440.0,-21540.0,-127.46
74500,76960.0,-2460.0,-3.3
22900,20586.0,2314.0,10.1
10000,12049.0,-2049.0,-20.49
43000,47930.66666666667,-4930.6666666666715,-11.47
74000,65557.78571428572,8442.214285714275,11.41
59800,60805.0,-1005.0,-1.68
26900,24091.445,2808.5550000000003,10.44
29500,36869.0,-7369.0,-24.98
33000,31501.22,1498.7799999999988,4.54
12500,13836.333333333332,-1336.3333333333321,-10.69
26500,31329.5,-4829.5,-18.22
40000,38047.119047619046,1952.880952380954,4.88
47000,46817.5,182.5,0.39
11111,45756.0,-34645.0,-311.81
35000,32283.0,2717.0,7.76
32000,34083.0,-2083.0,-6.51
54000,52287.0,1713.0,3.17
22600,23248.000000000004,-648.0000000000036,-2.87
23500,27611.33333333333,-4111.3333333333285,-17.5
62000,54849.0,7151.0,11.53
44500,41268.0,3232.0,7.26
83000,86550.0,-3550.0,-4.28
29900,32258.33333333333,-2358.3333333333285,-7.89
20000,18182.0,1818.0,9.09
39000,33163.0,5837.0,14.97
76000,61883.33333333334,14116.666666666657,18.57
30000,19132.0,10868.0,36.23
29500,29118.106666666667,381.89333333333343,1.29
16900,22544.999999999996,-5644.999999999996,-33.4
27500,27868.0,-368.0,-1.34
30800,33452.66416666667,-2652.664166666669,-8.61
12500,11579.33,920.6700000000001,7.37
68000,63109.14666666667,4890.853333333333,7.19
32400,31459.633333333335,940.366666666665,2.9
92000,97124.6,-5124.600000000006,-5.57
42800,51000.323333333334,-8200.323333333334,-19.16
38500,32044.0,6456.0,16.77
41500,44395.0,-2895.0,-6.98
88500,75885.0,12615.0,14.25
73000,76994.99,-3994.9900000000052,-5.47
18500,22825.5,-4325.5,-23.38
32000,32019.166666666664,-19.16666666666424,-0.06
46000,41929.82,4070.1800000000003,8.85
50000,46210.0,3790.0,7.58
90000,78358.6,11641.399999999994,12.93
60000,60310.0,-310.0,-0.52
23000,23592.96,-592.9599999999991,-2.58
33000,32034.083333333336,965.9166666666642,2.93
47000,40735.0,6265.0,13.33
59000,62460.0,-3460.0,-5.86
38500,38645.86904761904,-145.8690476190386,-0.38
36000,41831.33333333333,-5831.3333333333285,-16.2
63000,67620.0,-4620.0,-7.33
17000,30117.0,-13117.0,-77.16
18500,19073.0,-573.0,-3.1
17500,20290.96,-2790.959999999999,-15.95
36500,35164.66666666667,1335.3333333333285,3.66
42000,45364.5,-3364.5,-8.01
61000,45575.0,15425.0,25.29
24500,25805.46,-1305.4599999999991,-5.33
30000,29963.0,37.0,0.12
35000,32434.0,2566.0,7.33
67000,63562.0,3438.0,5.13
95000,49440.5,45559.5,47.96
28000,42587.0,-14587.0,-52.1
17500,17733.247619047615,-233.24761904761544,-1.33
44000,44254.26,-254.26000000000204,-0.58
38500,39002.95,-502.9499999999971,-1.31
39000,38069.0,931.0,2.39
19500,18894.0,606.0,3.11
42000,45065.66666666667,-3065.6666666666715,-7.3
25000,21062.33333333333,3937.6666666666715,15.75
36500,36858.0,-358.0,-0.98
22500,20184.0,2316.0,10.29
20000,21939.4,-1939.4000000000015,-9.7
28000,26903.60392857143,1096.3960714285713,3.92
28000,35896.75,-7896.75,-28.2
72000,72289.0,-289.0,-0.4
38000,42075.0,-4075.0,-10.72
25500,24892.96,607.0400000000009,2.38
56900,55067.72666666667,1832.2733333333308,3.22
19000,18743.0,257.0,1.35
48000,46385.0,1615.0,3.36
34500,46961.22,-12461.220000000001,-36.12
34500,36366.85,-1866.8499999999985,-5.41
73000,78280.0,-5280.0,-7.23
9500,22631.7,-13131.7,-138.23
29000,29656.0,-656.0,-2.26
22800,19008.31333333333,3791.6866666666683,16.63
85000,81264.66666666667,3735.3333333333285,4.39
24000,44486.0,-20486.0,-85.36
35000,35874.47,-874.4700000000012,-2.5
62000,64064.0,-2064.0,-3.33
44000,44930.0,-930.0,-2.11
79000,73460.0,5540.0,7.01
36900,44850.75,-7950.75,-21.55
12800,16522.0,-3722.0,-29.08
53000,57866.66666666666,-4866.666666666657,-9.18
44000,45911.0,-1911.0,-4.34
76000,75485.0,515.0,0.68
31000,33939.0,-2939.0,-9.48
56000,44778.98,11221.019999999997,20.04
15000,15442.0,-442.0,-2.95
41900,42740.0,-840.0,-2.0
98000,94635.0,3365.0,3.43
23000,25162.0,-2162.0,-9.4
65000,64536.0,464.0,0.71
31500,37859.0,-6359.0,-20.19
76900,78071.66666666667,-1171.6666666666715,-1.52
50000,33722.0,16278.0,32.56
77000,81539.0,-4539.0,-5.89
51000,52497.91666666667,-1497.9166666666715,-2.94
35000,32272.0,2728.0,7.79
25000,30474.15666666667,-5474.1566666666695,-21.9
73000,67014.0,5986.0,8.2
18000,21731.02,-3731.0200000000004,-20.73
33500,33152.98,347.0199999999968,1.04
29000,26800.0,2200.0,7.59
16000,16418.0,-418.0,-2.61
41500,41739.25,-239.25,-0.58
85000,80987.93333333333,4012.0666666666657,4.72
40000,42792.66666666666,-2792.666666666657,-6.98
80000,81667.5,-1667.5,-2.08
35999,32524.416666666664,3474.5833333333358,9.65
48000,45243.404761904756,2756.595238095244,5.74
41000,33163.0,7837.0,19.11
19500,18166.0,1334.0,6.84
26000,31245.0,-5245.0,-20.17
14000,16504.0,-2504.0,-17.89
86000,88035.0,-2035.0,-2.37
38500,36361.5,2138.5,5.55
31000,27634.0,3366.0,10.86
72000,75278.0,-3278.0,-4.55
85000,84470.0,530.0,0.62
65000,64863.0,137.0,0.21
49997,48327.38666666667,1669.6133333333273,3.34
40000,37319.0,2681.0,6.7
27000,26288.0,712.0,2.64
21500,20980.96,519.0400000000009,2.41
27000,24875.0,2125.0,7.87
49000,37285.61,11714.39,23.91
105000,74210.64416666667,30789.355833333335,29.32
50000,50737.12483333333,-737.1248333333278,-1.47
92000,92250.0,-250.0,-0.27
31800,37569.0,-5769.0,-18.14
31000,29125.0,1875.0,6.05
98000,89690.0,8310.0,8.48
33900,34670.446,-770.4460000000036,-2.27
19500,20250.88,-750.880000000001,-3.85
96000,93805.0,2195.0,2.29
92000,84037.64666666668,7962.353333333318,8.65
22800,22173.0,627.0,2.75
80000,67067.75,12932.25,16.17
33000,34897.833333333336,-1897.8333333333358,-5.75
35000,12398.0,22602.0,64.58
14500,14470.0,30.0,0.21
38500,37771.0,729.0,1.89
9500,20338.83,-10838.830000000002,-114.09
15500,34764.78,-19264.78,-124.29
63000,61869.0,1131.0,1.8
48000,39504.99333333333,8495.006666666668,17.7
28000,41941.0,-13941.0,-49.79
27000,28520.913333333334,-1520.9133333333339,-5.63
31000,31377.0,-377.0,-1.22
25800,30250.75,-4450.75,-17.25
32900,33430.72,-530.7200000000012,-1.61
39000,40526.57,-1526.5699999999997,-3.91
62000,65821.04,-3821.0399999999936,-6.16
34000,32361.0,1639.0,4.82
36500,37775.0,-1275.0,-3.49
29800,30500.0,-700.0,-2.35
35000,34994.0,6.0,0.02
84000,81645.66666666666,2354.333333333343,2.8
28500,24614.63533333333,3885.364666666668,13.63
34000,30531.583333333336,3468.4166666666642,10.2
61000,65597.78571428571,-4597.78571428571,-7.54
48500,62350.0,-13850.0,-28.56
38000,50133.0,-12133.0,-31.93
40000,30178.666666666664,9821.333333333336,24.55
31500,36410.33,-4910.330000000002,-15.59
55000,42634.0,12366.0,22.48
32400,30216.680476190475,2183.319523809525,6.74
13000,14694.0,-1694.0,-13.03
32000,35790.056666666664,-3790.0566666666637,-11.84
9700,11943.708333333336,-2243.7083333333358,-23.13
47000,47887.33333333333,-887.3333333333285,-1.89
57000,42101.35,14898.650000000001,26.14
43000,39459.98,3540.019999999997,8.23
27500,27344.0,156.0,0.57
44000,43480.0,520.0,1.18
102000,70735.69,31264.309999999998,30.65
49000,47234.0,1766.0,3.6
30000,30058.0,-58.0,-0.19
26800,32291.33333333333,-5491.3333333333285,-20.49
28000,28468.33333333333,-468.3333333333285,-1.67
38000,44648.0,-6648.0,-17.49
60000,60241.66666666667,-241.66666666667152,-0.4
50000,43392.83333333333,6607.1666666666715,13.21
62500,57936.32333333334,4563.676666666659,7.3
29500,25261.803333333333,4238.196666666667,14.37
55000,49523.690476190466,5476.309523809534,9.96
43500,43687.83,-187.83000000000175,-0.43
11300,11447.55,-147.54999999999927,-1.31
70000,73796.88,-3796.8800000000047,-5.42
27500,28213.0,-713.0,-2.59
59500,62208.0,-2708.0,-4.55
16500,16666.0,-166.0,-1.01
32200,30501.0,1699.0,5.28
32000,32588.9,-588.9000000000015,-1.84
69000,64164.0,4836.0,7.01
26000,25882.5,117.5,0.45
38500,37112.223333333335,1387.7766666666648,3.6
38000,30915.666666666664,7084.333333333336,18.64
18000,16009.985,1990.0149999999994,11.06
32000,28445.5,3554.5,11.11
32000,29915.0,2085.0,6.52
18600,17062.747619047615,1537.2523809523846,8.26
25500,28107.0,-2607.0,-10.22
44900,39182.0,5718.0,12.73
27500,35855.0,-8355.0,-30.38
15000,21309.0,-6309.0,-42.06
16000,16489.0,-489.0,-3.06
20500,21300.0,-800.0,-3.9
16000,19865.0,-3865.0,-24.16
22500,23038.72,-538.7200000000012,-2.39
18700,17746.23,953.7700000000004,5.1
20000,20592.98,-592.9799999999996,-2.96
14500,22186.68666666667,-7686.686666666668,-53.01
60000,39491.64,20508.36,34.18
29000,32860.0,-3860.0,-13.31
27500,21929.0,5571.0,20.26
16500,19643.48,-3143.4799999999996,-19.05
39000,41638.66666666667,-2638.6666666666715,-6.77
21000,18835.0,2165.0,10.31
29000,30300.5,-1300.5,-4.48
90000,74838.0,15162.0,16.85
41000,37616.0,3384.0,8.25
37000,32606.166666666664,4393.833333333336,11.88
24500,27815.0,-3315.0,-13.53
8800,10437.47619047619,-1637.4761904761908,-18.61
43000,41175.0,1825.0,4.24
42500,44241.0,-1741.0,-4.1
61000,34814.833333333336,26185.166666666664,42.93
46900,44100.0,2800.0,5.97
29000,28303.76,696.2400000000016,2.4
45000,52572.22,-7572.220000000001,-16.83
22897,26506.0,-3609.0,-15.76
60000,68027.5,-8027.5,-13.38
57000,58830.0,-1830.0,-3.21
45000,47695.48999999999,-2695.4899999999907,-5.99
32000,29507.66,2492.34,7.79
13000,12398.11,601.8899999999994,4.63
21000,18779.96,2220.040000000001,10.57
35000,59123.45,-24123.449999999997,-68.92
28200,34548.95,-6348.949999999997,-22.51
51500,47175.0,4325.0,8.4
23000,22992.5,7.5,0.03
41000,35483.666666666664,5516.333333333336,13.45
45000,42090.0,2910.0,6.47
39500,34932.0,4568.0,11.56
22000,24864.83333333333,-2864.8333333333285,-13.02
7700,12182.7,-4482.700000000001,-58.22
34000,37637.3,-3637.300000000003,-10.7
25000,36987.5,-11987.5,-47.95
39000,38578.0,422.0,1.08
89000,79621.66666666666,9378.333333333343,10.54
35000,36362.99999999999,-1362.9999999999927,-3.89
76000,66209.44333333334,9790.556666666656,12.88
50000,47714.0,2286.0,4.57
58500,59091.56,-591.5599999999977,-1.01
10005,13205.08,-3200.08,-31.98
88000,85890.0,2110.0,2.4
74000,67888.0,6112.0,8.26
30000,26144.0,3856.0,12.85
28000,18232.8,9767.2,34.88
95000,93740.69,1259.3099999999977,1.33
28000,29409.99,-1409.9900000000016,-5.04
63500,67775.14666666667,-4275.146666666667,-6.73
33000,31835.333333333336,1164.6666666666642,3.53
21500,29609.14333333333,-8109.14333333333,-37.72
85000,93330.0,-8330.0,-9.8
52000,51433.13483333332,566.8651666666774,1.09
42000,40467.0,1533.0,3.65
49000,47823.88095238094,1176.1190476190604,2.4
15200,17314.46,-2114.459999999999,-13.91
48500,60221.5,-11721.5,-24.17
47000,50418.66666666666,-3418.666666666657,-7.27
67000,64599.33333333335,2400.6666666666497,3.58
67000,63034.1,3965.9000000000015,5.92
32500,34699.24999999999,-2199.2499999999927,-6.77
47000,49523.75,-2523.75,-5.37
63000,51978.33333333334,11021.666666666657,17.49
102000,95484.0,6516.0,6.39
27500,30500.0,-3000.0,-10.91
24500,24119.0,381.0,1.56
57500,76895.0,-19395.0,-33.73
24000,27552.79,-3552.790000000001,-14.8
27000,31319.0,-4319.0,-16.0
21000,25291.0,-4291.0,-20.43
15500,18278.780000000002,-2778.7800000000025,-17.93
50000,61357.33333333336,-11357.333333333358,-22.71
28600,31601.823333333334,-3001.8233333333337,-10.5
24500,28884.418571428567,-4384.418571428567,-17.9
60000,68443.33333333333,-8443.333333333328,-14.07
62800,37658.0,25142.0,40.04
19500,20154.5,-654.5,-3.36
60000,47462.45,12537.550000000003,20.9
69000,48504.49,20495.510000000002,29.7
7500,15181.98,-7681.98,-102.43
90000,71937.11904761904,18062.88095238096,20.07
26000,26521.47,-521.4700000000012,-2.01
90000,89195.0,805.0,0.89
21500,21955.0,-455.0,-2.12
22500,22426.0,74.0,0.33
44900,51244.97,-6344.970000000001,-14.13
20000,19545.0,455.0,2.28
37800,39515.073809523805,-1715.0738095238048,-4.54
38600,35657.45,2942.550000000003,7.62
18500,17503.98,996.0200000000004,5.38
103000,95660.0,7340.0,7.13
35000,37100.0,-2100.0,-6.0
20000,24697.42,-4697.419999999998,-23.49
37000,34627.51,2372.489999999998,6.41
7500,12574.6,-5074.6,-67.66
55000,58798.33333333334,-3798.333333333343,-6.91
85000,71284.13,13715.869999999995,16.14
48000,45832.0,2168.0,4.52
52000,40315.0,11685.0,22.47
36500,37053.6,-553.5999999999985,-1.52
43000,34328.5,8671.5,20.17
14500,17339.83,-2839.8300000000017,-19.59
26000,26170.857142857138,-170.85714285713766,-0.66
18000,21127.0,-3127.0,-17.37
13500,10841.22,2658.7800000000007,19.69
26500,30378.168333333335,-3878.168333333335,-14.63
45500,46449.0,-949.0,-2.09
24900,26861.98,-1961.9799999999996,-7.88
56000,54117.16666666666,1882.833333333343,3.36
63500,60987.0,2513.0,3.96
16400,12276.45,4123.549999999999,25.14
52000,44030.4,7969.5999999999985,15.33
25600,18556.65,7043.3499999999985,27.51
86500,80987.93333333333,5512.066666666666,6.37
45000,47685.33333333334,-2685.333333333343,-5.97
34500,38879.00000000001,-4379.000000000007,-12.69
41000,34127.0,6873.0,16.76
43000,41799.5,1200.5,2.79
57000,54584.99,2415.010000000002,4.24
43000,50098.33333333333,-7098.3333333333285,-16.51
12500,11402.0,1098.0,8.78
12500,18177.5,-5677.5,-45.42
34000,26691.2,7308.799999999999,21.5
19000,19251.0,-251.0,-1.32
43500,38717.62,4782.379999999997,10.99
39000,45160.0,-6160.0,-15.79
66000,56377.5,9622.5,14.58
11200,11536.2,-336.2000000000007,-3.0
30850,34448.0,-3598.0,-11.66
43000,40514.0,2486.0,5.78
12500,13045.0,-545.0,-4.36
30000,24868.216999999997,5131.783000000003,17.11
15500,13993.78,1506.2199999999993,9.72
30500,30174.380952380958,325.61904761904225,1.07
42500,42990.0,-490.0,-1.15
22499,33824.0,-11325.0,-50.34
56000,48107.0,7893.0,14.09
11000,82229.0,-71229.0,-647.54
16500,16991.92,-491.91999999999825,-2.98
65000,45503.66666666666,19496.333333333343,29.99
21500,19648.0,1852.0,8.61
45000,48701.5,-3701.5,-8.23
24000,63854.64666666666,-39854.64666666666,-166.06
38000,34419.99,3580.010000000002,9.42
34500,38313.82,-3813.8199999999997,-11.05
18500,22915.166666666664,-4415.166666666664,-23.87
93000,94992.33333333331,-1992.333333333314,-2.14
37500,37990.0,-490.0,-1.31
12500,13056.0,-556.0,-4.45
28000,31914.97,-3914.970000000001,-13.98
24500,23928.61333333333,571.386666666669,2.33
25000,25456.0,-456.0,-1.82
12000,12521.333333333336,-521.3333333333358,-4.34
37000,39402.91,-2402.9100000000035,-6.49
19500,29293.154761904763,-9793.154761904763,-50.22
22000,23382.0,-1382.0,-6.28
19000,20561.97,-1561.9700000000012,-8.22
39500,43692.66666666666,-4192.666666666657,-10.61
65000,65395.0,-395.0,-0.61
38000,35398.63333333333,2601.3666666666686,6.85
37500,32475.0,5025.0,13.4
27500,27404.166666666664,95.83333333333576,0.35
75000,68325.0,6675.0,8.9
54999,53699.99,1299.010000000002,2.36
76000,72227.9,3772.100000000006,4.96
14000,21116.02,-7116.02,-50.83
95000,93376.02,1623.979999999996,1.71
45000,42362.66666666666,2637.333333333343,5.86
102000,95625.0,6375.0,6.25
11000,43158.0,-32158.0,-292.35
45000,46809.0,-1809.0,-4.02
38500,38044.333333333336,455.66666666666424,1.18
33500,35889.0,-2389.0,-7.13
26000,28190.0,-2190.0,-8.42
49000,40696.083333333336,8303.916666666664,16.95
25000,22471.15,2528.8499999999985,10.12
35000,36912.0,-1912.0,-5.46
18500,18226.47333333333,273.52666666666846,1.48
79000,82652.28666666667,-3652.286666666667,-4.62
28800,26379.61904761905,2420.3809523809505,8.4
52000,51804.0,196.0,0.38
22000,26530.0,-4530.0,-20.59
16000,27437.45,-11437.45,-71.48
39500,51878.26666666666,-12378.266666666663,-31.34
34000,34154.10666666667,-154.10666666666657,-0.45
64000,68788.83333333334,-4788.833333333343,-7.48
25000,21518.67333333333,3481.3266666666714,13.93
3500,12590.11,-9090.11,-259.72
17500,18194.733333333334,-694.7333333333336,-3.97
27500,25354.83333333333,2145.1666666666715,7.8
30000,32609.34,-2609.34,-8.7
98000,100831.25,-2831.25,-2.89
86000,81479.0,4521.0,5.26
27500,29018.0,-1518.0,-5.52
29000,32224.0,-3224.0,-11.12
37500,34756.5,2743.5,7.32
50000,52355.758571428574,-2355.758571428574,-4.71
36000,36547.0,-547.0,-1.52
45000,22524.0,22476.0,49.95
28500,28249.0,251.0,0.88
63500,63324.0,176.0,0.28
32000,28588.99,3411.0099999999984,10.66
27000,26357.733333333334,642.2666666666664,2.38
40000,36354.90476190476,3645.0952380952367,9.11
21000,15002.666666666664,5997.333333333336,28.56
78000,73529.24,4470.759999999995,5.73
69000,78339.91,-9339.910000000003,-13.54
35200,29907.0,5293.0,15.04
96000,68971.27666666667,27028.723333333328,28.15
18500,21159.96,-2659.959999999999,-14.38
53000,48179.0,4821.0,9.1
36999,36410.0,589.0,1.59
29500,31463.0,-1963.0,-6.65
37000,37287.166666666664,-287.16666666666424,-0.78
23500,23840.14,-340.1399999999994,-1.45
21000,20919.0,81.0,0.39
45000,41902.8,3097.199999999997,6.88
98000,67368.50880952382,30631.491190476183,31.26
25000,27001.5,-2001.5,-8.01
34800,37331.0,-2531.0,-7.27
58000,82680.0,-24680.0,-42.55
23000,22493.716666666664,506.2833333333365,2.2
54500,54183.33333333334,316.66666666665697,0.58
28900,28345.0,555.0,1.92
87000,73490.80714285714,13509.192857142858,15.53
19500,18427.749999999996,1072.2500000000036,5.5
8800,10355.5,-1555.5,-17.68
14000,12393.016666666665,1606.9833333333354,11.48
7400,22394.0,-14994.0,-202.62
66000,55906.0,10094.0,15.29
24000,27962.266666666666,-3962.2666666666664,-16.51
23800,22646.071428571424,1153.928571428576,4.85
32800,33217.0,-417.0,-1.27
24500,23669.0,831.0,3.39
80000,74890.0,5110.0,6.39
35000,76915.0,-41915.0,-119.76
64000,55508.0,8492.0,13.27
33000,33932.0,-932.0,-2.82
30500,27693.0,2807.0,9.2
34000,35805.0,-1805.0,-5.31
26900,27343.96,-443.9599999999991,-1.65
20800,21793.15,-993.1500000000015,-4.77
38700,40359.2380952381,-1659.238095238099,-4.29
38500,39257.5,-757.5,-1.97
37000,31839.666666666664,5160.333333333336,13.95
16800,20622.96,-3822.959999999999,-22.76
85000,91290.0,-6290.0,-7.4
46000,44316.32,1683.6800000000003,3.66
35500,34478.0,1022.0,2.88
62000,64955.23,-2955.230000000003,-4.77
49500,45284.91666666668,4215.083333333321,8.52
24000,25416.99,-1416.9900000000016,-5.9
13000,21765.24,-8765.240000000002,-67.42
35000,39589.5,-4589.5,-13.11
30000,29919.0,81.0,0.27
25000,57685.32333333334,-32685.32333333334,-130.74
95000,92415.0,2585.0,2.72
30000,33430.06333333333,-3430.0633333333317,-11.43
33000,28385.33333333333,4614.6666666666715,13.98
21500,24990.0,-3490.0,-16.23
80000,84180.0,-4180.0,-5.22
85000,83482.48,1517.520000000004,1.79
56000,35819.666666666664,20180.333333333336,36.04
33000,32446.46,553.5400000000009,1.68
34000,39088.0,-5088.0,-14.96
38000,42230.66666666666,-4230.666666666657,-11.13
41000,41033.0,-33.0,-0.08
100000,39219.0,60781.0,60.78
23000,15777.271428571426,7222.728571428574,31.4
63000,60313.43333333334,2686.5666666666584,4.26
27000,33680.0,-6680.0,-24.74
67000,62765.39666666667,4234.603333333333,6.32
19500,22459.686666666665,-2959.6866666666647,-15.18
32000,32733.0,-733.0,-2.29
29400,29783.48,-383.47999999999956,-1.3
25800,25315.0,485.0,1.88
42000,43902.0,-1902.0,-4.53
21800,21674.4,125.59999999999854,0.58
42000,62879.0,-20879.0,-49.71
32000,28336.88,3663.119999999999,11.45
23000,22341.0,659.0,2.87
46000,51923.0,-5923.0,-12.88
6200,12841.35,-6641.35,-107.12
27000,26000.0,1000.0,3.7
37500,33404.91833333333,4095.0816666666724,10.92
36000,37990.0,-1990.0,-5.53
75000,71775.08,3224.9199999999983,4.3
19000,18414.0,586.0,3.08
56000,70871.99,-14871.990000000005,-26.56
33000,32742.99,257.0099999999984,0.78
70000,77321.50166666666,-7321.501666666663,-10.46
46000,49335.0,-3335.0,-7.25
22800,23191.5,-391.5,-1.72
33000,31330.666666666664,1669.3333333333358,5.06
62000,56543.0,5457.0,8.8
74000,67640.9,6359.100000000006,8.59
49000,44785.0,4215.0,8.6
38000,36342.15,1657.8499999999985,4.36
97000,93883.0,3117.0,3.21
42000,43138.48,-1138.4800000000032,-2.71
25000,28040.0,-3040.0,-12.16
22500,21587.166666666664,912.8333333333358,4.06
85000,82900.0,2100.0,2.47
45000,37155.0,7845.0,17.43
58000,56976.66666666667,1023.3333333333285,1.76
47000,48397.0,-1397.0,-2.97
45000,51244.97,-6244.970000000001,-13.88
24000,19999.0,4001.0,16.67
71500,61883.58333333333,9616.416666666672,13.45
45000,39672.0,5328.0,11.84
24300,25336.0,-1036.0,-4.26
18000,19537.0,-1537.0,-8.54
43000,42096.94,903.0599999999977,2.1
91000,82163.0,8837.0,9.71
62000,67468.98,-5468.979999999996,-8.82
18500,21079.96,-2579.959999999999,-13.95
36000,36238.0,-238.0,-0.66
32000,30703.84583333333,1296.1541666666708,4.05
77000,77470.55333333333,-470.55333333332965,-0.61
43000,44989.99,-1989.989999999998,-4.63
18700,18758.761904761905,-58.76190476190459,-0.31
35000,35470.14,-470.1399999999994,-1.34
55000,55344.0,-344.0,-0.63
16000,16568.0,-568.0,-3.55
26800,38715.0,-11915.0,-44.46
39000,48217.5,-9217.5,-23.63
57000,54329.99,2670.010000000002,4.68
24000,30731.99,-6731.990000000002,-28.05
34000,37752.91666666667,-3752.9166666666715,-11.04
39000,42075.0,-3075.0,-7.88
33000,30351.98,2648.0200000000004,8.02
42000,44944.66666666667,-2944.6666666666715,-7.01
22500,16204.0,6296.0,27.98
32500,32748.833333333336,-248.83333333333576,-0.77
38000,36806.67,1193.3300000000017,3.14
37500,38139.99,-639.989999999998,-1.71
13000,18296.0,-5296.0,-40.74
67500,65370.0,2130.0,3.16
56000,50059.62333333334,5940.376666666663,10.61
55000,62121.84,-7121.8399999999965,-12.95
79000,80436.46,-1436.4600000000064,-1.82
17500,15755.45,1744.5499999999993,9.97
23000,21622.45,1377.5499999999993,5.99
17900,16435.33,1464.6699999999983,8.18
21000,20421.98,578.0200000000004,2.75
36000,36407.22,-407.22000000000116,-1.13
17000,21640.99,-4640.990000000002,-27.3
23500,25610.2,-2110.2000000000007,-8.98
25000,25465.84,-465.84000000000015,-1.86
30000,28662.333333333336,1337.6666666666642,4.46
25000,22947.66666666667,2052.3333333333285,8.21
38000,39110.32,-1110.3199999999997,-2.92
39000,42384.996,-3384.995999999999,-8.68
40000,46002.0,-6002.0,-15.0
30500,27107.0,3393.0,11.12
16000,15920.96,79.04000000000087,0.49
58000,55730.63666666667,2269.3633333333273,3.91
24000,29074.99,-5074.990000000002,-21.15
48000,49123.66666666667,-1123.6666666666715,-2.34
53500,58005.0,-4505.0,-8.42
31000,32132.99,-1132.9900000000016,-3.65
84500,83444.59,1055.4100000000035,1.25
43000,23237.33333333333,19762.66666666667,45.96
6500,12879.22,-6379.219999999999,-98.14
39700,51931.9,-12231.900000000001,-30.81
22900,31192.0,-8292.0,-36.21
21000,20261.500000000004,738.4999999999964,3.52
64000,66080.0,-2080.0,-3.25
26000,31999.666666666664,-5999.666666666664,-23.08
57000,56542.0,458.0,0.8
29500,27842.89,1657.1100000000006,5.62
22500,20385.0,2115.0,9.4
59500,55431.0,4069.0,6.84
66000,66879.04,-879.0399999999936,-1.33
18000,17371.366666666665,628.633333333335,3.49
68999,75855.66666666667,-6856.6666666666715,-9.94
51500,64950.0,-13450.0,-26.12
25000,28761.0,-3761.0,-15.04
55000,50140.0,4860.0,8.84
45500,42847.0,2653.0,5.83
87000,87488.98,-488.9799999999959,-0.56
42000,35732.85,6267.1500000000015,14.92
48000,46901.88,1098.1200000000026,2.29
19000,23334.9,-4334.9000000000015,-22.82
30500,31151.626666666663,-651.6266666666634,-2.14
79900,75918.33333333333,3981.6666666666715,4.98
16000,14573.653333333332,1426.3466666666682,8.91
70000,39876.666666666664,30123.333333333336,43.03
37000,50145.0,-13145.0,-35.53
36000,30842.666666666664,5157.333333333336,14.33
38000,42194.48,-4194.480000000003,-11.04
57000,57399.0,-399.0,-0.7
34000,32239.666666666664,1760.3333333333358,5.18
30000,31036.100000000006,-1036.1000000000058,-3.45
48000,47577.66666666666,422.33333333334303,0.88
12500,23311.7,-10811.7,-86.49
35000,41294.96,-6294.959999999999,-17.99
34000,26941.876666666663,7058.123333333337,20.76
22900,21009.96,1890.0400000000009,8.25
25000,25370.0,-370.0,-1.48
47000,49406.0,-2406.0,-5.12
13500,8437.0,5063.0,37.5
14000,16901.5,-2901.5,-20.72
73336,43550.0,29786.0,40.62
47000,46255.98,744.0199999999968,1.58
9000,21844.66666666667,-12844.666666666672,-142.72
51000,43501.66666666667,7498.3333333333285,14.7
47500,34004.08333333333,13495.916666666672,28.41
17400,17433.166666666664,-33.16666666666424,-0.19
46000,51098.75,-5098.75,-11.08
30000,29863.0,137.0,0.46
20000,19764.0,236.0,1.18
41000,40297.0,703.0,1.71
24600,27880.0,-3280.0,-13.33
10500,12497.0,-1997.0,-19.02
79500,62104.25666666667,17395.743333333332,21.88
26500,27655.97,-1155.9700000000012,-4.36
68000,67235.66666666667,764.3333333333285,1.12
57500,46724.26,10775.739999999998,18.74
24000,20618.63,3381.369999999999,14.09
11500,11733.45,-233.45000000000073,-2.03
32000,29724.85,2275.1500000000015,7.11
98500,83680.0,14820.0,15.05
28000,32344.25,-4344.25,-15.52
36000,17170.0,18830.0,52.31
50000,49832.77666666666,167.22333333334245,0.33
40500,46175.0,-5675.0,-14.01
100000,84147.0,15853.0,15.85
46000,54243.0,-8243.0,-17.92
26800,34523.0,-7723.0,-28.82
54000,49044.5,4955.5,9.18
90000,75864.30416666667,14135.695833333331,15.71
30800,30571.0,229.0,0.74
54000,44613.0,9387.0,17.38
24900,19838.63333333333,5061.366666666669,20.33
105000,60633.0,44367.0,42.25
42000,41117.0,883.0,2.1
52000,46030.99,5969.010000000002,11.48
35500,43972.99,-8472.989999999998,-23.87
27000,12479.3,14520.7,53.78
34000,41971.08333333334,-7971.083333333343,-23.44
22800,22880.0,-80.0,-0.35
18500,19069.0,-569.0,-3.08
17500,25329.333333333336,-7829.333333333336,-44.74
70000,67202.61904761905,2797.380952380947,4.0
70500,54321.72,16178.279999999999,22.95
96000,87632.0,8368.0,8.72
48500,35435.46,13064.54,26.94
39500,35592.5,3907.5,9.89
28000,38908.0,-10908.0,-38.96
47000,39775.05,7224.949999999997,15.37
85000,85453.0,-453.0,-0.53
30000,38848.0,-8848.0,-29.49
42000,43317.29333333333,-1317.2933333333276,-3.14
33000,29015.63,3984.369999999999,12.07
28000,31852.166666666664,-3852.1666666666642,-13.76
79500,61016.0,18484.0,23.25
37000,42209.0,-5209.0,-14.08
31500,37006.6,-5506.5999999999985,-17.48
20000,21873.99,-1873.9900000000016,-9.37
27800,24163.99,3636.0099999999984,13.08
34500,37385.0,-2885.0,-8.36
29000,30880.666666666664,-1880.6666666666642,-6.49
20000,21525.357142857145,-1525.357142857145,-7.63
72000,51050.0,20950.0,29.1
40000,44393.0,-4393.0,-10.98
35000,31976.23,3023.7700000000004,8.64
35000,32700.190476190477,2299.809523809523,6.57
42500,41013.0,1487.0,3.5
72000,72801.36666666668,-801.3666666666832,-1.11
18500,9154.0,9346.0,50.52
47000,50590.0,-3590.0,-7.64
37000,33709.0,3291.0,8.89
26500,26456.0,44.0,0.17
28000,27436.25,563.75,2.01
16800,13419.293333333333,3380.706666666667,20.12
34000,45406.0,-11406.0,-33.55
60000,47436.4,12563.599999999999,20.94
35000,41540.0,-6540.0,-18.69
85000,86700.0,-1700.0,-2.0
37000,38726.490000000005,-1726.4900000000052,-4.67
24500,37727.166666666664,-13227.166666666664,-53.99
69000,79970.0,-10970.0,-15.9
28000,33242.99,-5242.989999999998,-18.72
32000,55905.0,-23905.0,-74.7
39200,42518.16666666666,-3318.166666666657,-8.46
74000,57306.02,16693.980000000003,22.56
36800,35985.83333333333,814.1666666666715,2.21
98000,94183.33333333334,3816.666666666657,3.89
33000,26096.0,6904.0,20.92
18700,20123.0,-1423.0,-7.61
22500,19064.46,3435.540000000001,15.27
95000,94786.0,214.0,0.23
23000,22689.833333333336,310.16666666666424,1.35
28000,26907.662666666667,1092.337333333333,3.9
18300,21032.333333333336,-2732.3333333333358,-14.93
42500,39970.32,2529.6800000000003,5.95
27500,26449.95,1050.0499999999993,3.82
38000,37411.0,589.0,1.55
34700,33316.0,1384.0,3.99
10000,48060.66666666666,-38060.66666666666,-380.61
31000,34099.33333333333,-3099.3333333333285,-10.0
70000,75019.99,-5019.990000000005,-7.17
28000,29269.666666666664,-1269.6666666666642,-4.53
22000,22575.0,-575.0,-2.61
65000,70100.0,-5100.0,-7.85
27000,30855.0,-3855.0,-14.28
30000,35076.33333333333,-5076.3333333333285,-16.92
32500,36910.056666666664,-4410.056666666664,-13.57
42500,45131.0,-2631.0,-6.19
17000,21796.83333333333,-4796.8333333333285,-28.22
45000,47108.0,-2108.0,-4.68
63500,73227.67476190475,-9727.674761904753,-15.32
53000,43818.80666666667,9181.193333333329,17.32
21800,22674.0,-874.0,-4.01
26000,26132.0,-132.0,-0.51
32500,32932.5,-432.5,-1.33
26500,24174.499999999996,2325.5000000000036,8.78
62500,60068.922,2431.0780000000013,3.89
30000,31353.0,-1353.0,-4.51
10000,57660.28571428572,-47660.28571428572,-476.6
28700,29156.5,-456.5,-1.59
21500,25117.164285714283,-3617.1642857142833,-16.82
20500,22392.15,-1892.1500000000015,-9.23
11111,12270.588333333333,-1159.5883333333331,-10.44
45000,41850.06666666667,3149.933333333327,7.0
31000,29372.18,1627.8199999999997,5.25
33000,22401.5,10598.5,32.12
28500,35999.75000000001,-7499.750000000007,-26.31
35500,30429.589285714283,5070.410714285717,14.28
35000,30982.33,4017.6699999999983,11.48
4900,11224.0,-6324.0,-129.06
18800,17728.666666666664,1071.3333333333358,5.7
53900,57048.98,-3148.980000000003,-5.84
36500,45895.0,-9395.0,-25.74
42000,52576.83333333334,-10576.833333333343,-25.18
20000,31302.0,-11302.0,-56.51
61000,63066.00000000001,-2066.0000000000073,-3.39
47500,47325.238095238084,174.7619047619155,0.37
59000,60754.323333333334,-1754.3233333333337,-2.97
60000,58323.0,1677.0,2.8
70000,37397.91,32602.089999999997,46.57
75000,73250.0,1750.0,2.33
16000,20706.0,-4706.0,-29.41
69000,77198.0,-8198.0,-11.88
26000,25478.34,521.6599999999999,2.01
46000,43845.0,2155.0,4.68
21300,21750.0,-450.0,-2.11
78000,80435.175,-2435.175000000003,-3.12
35500,36220.0,-720.0,-2.03
53000,40495.5,12504.5,23.59
42000,40216.666666666664,1783.3333333333358,4.25
14000,12565.297619047617,1434.7023809523835,10.25
25500,28941.83333333333,-3441.8333333333285,-13.5
48000,42354.8,5645.199999999997,11.76
1800,20727.833333333332,-18927.833333333332,-1051.55
31000,23691.666666666664,7308.333333333336,23.58
68000,81990.66666666667,-13990.666666666672,-20.57
41800,47670.0,-5870.0,-14.04
27000,28881.659999999996,-1881.6599999999962,-6.97
10000,9940.0,60.0,0.6
39000,37509.25000000001,1490.7499999999927,3.82
44000,31091.333333333336,12908.666666666664,29.34
50000,28647.22,21352.78,42.71
19000,28181.666666666664,-9181.666666666664,-48.32
79500,87842.72333333334,-8342.723333333342,-10.49
43500,41048.0,2452.0,5.64
41700,45036.16666666666,-3336.166666666657,-8.0
78000,72041.83333333334,5958.166666666657,7.64
26000,31935.0,-5935.0,-22.83
14000,18499.0,-4499.0,-32.14
28000,32718.0,-4718.0,-16.85
49500,43953.0,5547.0,11.21
34500,33702.379166666666,797.6208333333343,2.31
43000,39681.0,3319.0,7.72
43000,39143.0,3857.0,8.97
55000,48112.5,6887.5,12.52
28800,27606.5,1193.5,4.14
33500,32527.53,972.4700000000012,2.9
19000,21032.0,-2032.0,-10.69
100000,61693.21428571428,38306.78571428572,38.31
33000,33806.0,-806.0,-2.44
13700,13627.816666666666,72.1833333333343,0.53
40000,47011.85,-7011.8499999999985,-17.53
61000,42846.0,18154.0,29.76
33000,32863.0,137.0,0.42
62000,41743.0,20257.0,32.67
26300,26420.0,-120.0,-0.46
33000,27521.666666666664,5478.333333333336,16.6
34000,31288.0,2712.0,7.98
35000,33459.0,1541.0,4.4
62000,71426.66666666667,-9426.666666666672,-15.2
20500,19816.5,683.5,3.33
17900,18025.99,-125.9900000000016,-0.7
98000,58916.83333333333,39083.16666666667,39.88
45000,39732.33,5267.669999999998,11.71
52500,38886.33333333333,13613.666666666672,25.93
23000,19123.0,3877.0,16.86
34900,36042.0,-1142.0,-3.27
23000,24807.766666666666,-1807.7666666666664,-7.86
88600,83777.79,4822.210000000006,5.44
52600,42722.5,9877.5,18.78
90000,92068.33333333334,-2068.333333333343,-2.3
71000,71987.0,-987.0,-1.39
36800,37564.833333333336,-764.8333333333358,-2.08
44500,44661.66666666666,-161.66666666665697,-0.36
37000,37496.15666666666,-496.1566666666622,-1.34
24000,24749.94,-749.9399999999987,-3.12
52000,56615.0,-4615.0,-8.88
31000,31584.31333333333,-584.3133333333317,-1.88
39000,34411.0,4589.0,11.77
38000,38886.83333333333,-886.8333333333285,-2.33
95000,88860.0,6140.0,6.46
36000,36911.1,-911.0999999999985,-2.53
32600,30420.07983333333,2179.9201666666704,6.69
44000,44565.0,-565.0,-1.28
50000,45252.0,4748.0,9.5
55000,60410.0,-5410.0,-9.84
85000,84834.3,165.6999999999971,0.19
35000,36383.68,-1383.6800000000003,-3.95
43000,43321.0,-321.0,-0.75
1800,10931.0,-9131.0,-507.28
81000,70380.0,10620.0,13.11
27800,29676.666666666664,-1876.6666666666642,-6.75
12345,22067.0,-9722.0,-78.75
28000,37513.66666666667,-9513.666666666672,-33.98
12500,11708.416666666668,791.5833333333321,6.33
70000,60377.65,9622.349999999999,13.75
35800,37416.0,-1616.0,-4.51
15700,15589.46,110.54000000000087,0.7
59000,60068.922,-1068.9219999999987,-1.81
55000,53763.0,1237.0,2.25
17000,17602.71,-602.7099999999991,-3.55
34000,37110.746666666666,-3110.746666666666,-9.15
8700,11075.05,-2375.0499999999993,-27.3
21700,21072.5,627.5,2.89
21000,22660.66666666667,-1660.6666666666715,-7.91
60000,55610.65666666666,4389.343333333338,7.32
43500,41625.0,1875.0,4.31
95000,87589.99,7410.009999999995,7.8
35000,34233.33333333333,766.6666666666715,2.19
35000,44899.83333333333,-9899.833333333328,-28.29
33000,34013.86666666667,-1013.8666666666686,-3.07
82000,79303.2,2696.800000000003,3.29
74000,91580.0,-17580.0,-23.76
46500,51371.9,-4871.9000000000015,-10.48
32000,62599.0,-30599.0,-95.62
5000,48372.0,-43372.0,-867.44
27000,26220.46,779.5400000000009,2.89
28600,26958.33333333333,1641.6666666666715,5.74
77000,75070.00666666667,1929.993333333332,2.51
35000,45648.0,-10648.0,-30.42
39000,37771.0,1229.0,3.15
68000,62811.5,5188.5,7.63
13000,14048.666666666664,-1048.6666666666642,-8.07
58800,53956.88,4843.120000000003,8.24
27000,26049.16666666667,950.8333333333285,3.52
25500,26094.995,-594.994999999999,-2.33
28500,25299.17,3200.8300000000017,11.23
52000,53087.19047619047,-1087.1904761904734,-2.09
49500,44241.0,5259.0,10.62
44000,55914.0,-11914.0,-27.08
46000,46530.99999999999,-530.9999999999927,-1.15
29000,32384.66666666667,-3384.6666666666715,-11.67
43800,41500.0,2300.0,5.25
16000,22403.48,-6403.48,-40.02
56000,53910.78571428571,2089.21428571429,3.73
39500,40617.49,-1117.489999999998,-2.83
57000,61435.0,-4435.0,-7.78
23000,28869.66666666667,-5869.6666666666715,-25.52
34500,31056.11,3443.8899999999994,9.98
6200,13863.666666666664,-7663.666666666664,-123.61
36000,33293.0,2707.0,7.52
44000,49612.5,-5612.5,-12.76
28700,25330.0,3370.0,11.74
44500,47320.0,-2820.0,-6.34
22500,23141.0,-641.0,-2.85
37500,62509.12666666667,-25009.12666666667,-66.69
30500,30407.287619047616,92.71238095238368,0.3
35000,29638.0,5362.0,15.32
25000,26446.9,-1446.9000000000015,-5.79
55000,59470.0,-4470.0,-8.13
57000,69357.0,-12357.0,-21.68
60000,43945.0,16055.0,26.76
49500,58030.0,-8530.0,-17.23
48000,42020.48,5979.519999999997,12.46
74000,73451.1,548.8999999999942,0.74
38000,36243.0,1757.0,4.62
39000,39747.98,-747.9800000000032,-1.92
22500,21914.0,586.0,2.6
22500,19299.68,3200.3199999999997,14.22
23800,24422.91666666667,-622.9166666666715,-2.62
36000,31045.0,4955.0,13.76
103000,85549.96,17450.039999999994,16.94
12000,10254.083333333332,1745.9166666666679,14.55
21500,23575.5,-2075.5,-9.65
45500,44441.44,1058.5599999999977,2.33
79000,87719.22857142858,-8719.228571428583,-11.04
36000,34800.98,1199.0199999999968,3.33
27800,28409.666666666664,-609.6666666666642,-2.19
41000,42618.0,-1618.0,-3.95
100000,58177.47,41822.53,41.82
28000,30081.0,-2081.0,-7.43
65000,69914.99,-4914.990000000005,-7.56
26000,25893.0,107.0,0.41
9999,12202.793333333333,-2203.793333333333,-22.04
42800,45777.0,-2977.0,-6.96
18500,24296.25,-5796.25,-31.33
23500,20146.666666666668,3353.333333333332,14.27
40000,37796.0,2204.0,5.51
24000,13880.5,10119.5,42.16
29500,26600.45,2899.5499999999993,9.83
45000,42248.33333333334,2751.666666666657,6.11
55000,59163.61,-4163.610000000001,-7.57
42500,44775.0,-2275.0,-5.35
27000,30396.79333333333,-3396.7933333333312,-12.58
52000,66276.40666666668,-14276.406666666677,-27.45
22500,21300.700476190475,1199.2995238095245,5.33
22000,27045.99,-5045.990000000002,-22.94
48000,40544.666666666664,7455.333333333336,15.53
12000,17538.0,-5538.0,-46.15
41000,36804.07666666667,4195.923333333332,10.23
29700,31699.23,-1999.2299999999996,-6.73
22500,21953.5,546.5,2.43
30500,30453.0,47.0,0.15
44500,39262.0,5238.0,11.77
29000,36070.0,-7070.0,-24.38
34000,34691.0,-691.0,-2.03
25000,22280.0,2720.0,10.88
54000,44905.33,9094.669999999998,16.84
24500,28665.0,-4165.0,-17.0
46500,34292.51333333333,12207.486666666671,26.25
33900,30189.916666666664,3710.0833333333358,10.94
27500,30863.0,-3363.0,-12.23
55500,52207.26049999999,3292.7395000000106,5.93
30500,29134.0,1366.0,4.48
35000,33389.0,1611.0,4.6
45500,55406.99999999999,-9906.999999999993,-21.77
23000,24290.0,-1290.0,-5.61
24000,27589.0,-3589.0,-14.95
34000,30384.499999999996,3615.5000000000036,10.63
26500,19827.99,6672.009999999998,25.18
30000,31145.98,-1145.9799999999996,-3.82
61000,53165.0,7835.0,12.84
26400,26196.0,204.0,0.77
21800,21660.0,140.0,0.64
44000,40649.0,3351.0,7.62
33000,28925.0,4075.0,12.35
66000,80095.0,-14095.0,-21.36
36000,47521.57916666667,-11521.57916666667,-32.0
85000,76171.86,8828.14,10.39
40000,39761.41666666667,238.58333333332848,0.6
62000,90030.0,-28030.0,-45.21
25700,27354.0,-1654.0,-6.44
35000,57728.983809523816,-22728.983809523816,-64.94
27500,18371.0,9129.0,33.2
47000,60414.0,-13414.0,-28.54
25000,29832.83333333333,-4832.8333333333285,-19.33
59000,55787.5,3212.5,5.44
23000,23240.833333333336,-240.83333333333576,-1.05
26000,42742.0,-16742.0,-64.39
26000,24102.0,1898.0,7.3
11900,12207.0,-307.0,-2.58
34500,34231.0,269.0,0.78
48000,44864.98,3135.019999999997,6.53
31500,28848.0,2652.0,8.42
92000,74009.23,17990.770000000004,19.56
41000,42043.0,-1043.0,-2.54
41000,36687.00000000001,4312.999999999993,10.52
92000,49440.5,42559.5,46.26
68000,62258.0,5742.0,8.44
42000,53376.66666666667,-11376.666666666672,-27.09
18000,16999.0,1001.0,5.56
56500,46054.76,10445.239999999998,18.49
34500,33441.0,1059.0,3.07
35000,36410.0,-1410.0,-4.03
14998,25340.91666666667,-10342.916666666672,-68.96
39000,41121.11,-2121.1100000000006,-5.44
21799,20867.614285714284,931.385714285716,4.27
24500,28648.166666666664,-4148.166666666664,-16.93
43000,44859.99,-1859.989999999998,-4.33
33000,32121.46,878.5400000000009,2.66
49800,50111.19857142857,-311.19857142856927,-0.62
31500,31268.25,231.75,0.74
49000,47899.97,1100.0299999999988,2.24
33000,36409.71666666667,-3409.716666666667,-10.33
43000,46987.54,-3987.540000000001,-9.27
68900,63865.5,5034.5,7.31
66000,52399.5,13600.5,20.61
77500,51334.0,26166.0,33.76
20300,15986.0,4314.0,21.25
17500,16799.5,700.5,4.0
34000,31600.5,2399.5,7.06
40000,35723.5,4276.5,10.69
37500,38626.5,-1126.5,-3.0
55000,52273.38666666666,2726.613333333342,4.96
30000,31268.25,-1268.25,-4.23
18000,14900.99,3099.01,17.22
22500,23141.23,-641.2299999999996,-2.85
45500,49844.0,-4344.0,-9.55
33000,33522.5,-522.5,-1.58
86000,86165.0,-165.0,-0.19
68000,59605.0,8395.0,12.35
23500,26141.97,-2641.970000000001,-11.24
39500,37741.5,1758.5,4.45
42000,46964.0,-4964.0,-11.82
65000,65937.0,-937.0,-1.44
33000,30386.0,2614.0,7.92
37500,39570.0,-2070.0,-5.52
39000,48951.0,-9951.0,-25.52
20000,21429.66666666667,-1429.6666666666715,-7.15
86000,87900.0,-1900.0,-2.21
34999,35786.0,-787.0,-2.25
107000,100186.0,6814.0,6.37
35000,38889.89,-3889.8899999999994,-11.11
36000,36530.0,-530.0,-1.47
80000,62165.5,17834.5,22.29
28000,36910.89,-8910.89,-31.82
13500,15588.0,-2088.0,-15.47
64000,65461.0,-1461.0,-2.28
100000,76394.39,23605.61,23.61
11000,33490.0,-22490.0,-204.45
38500,33850.0,4650.0,12.08
80000,68349.0,11651.0,14.56
43500,40495.5,3004.5,6.91
34000,31922.85,2077.1500000000015,6.11
20000,18086.96,1913.0400000000009,9.57
56000,61220.0,-5220.0,-9.32
66000,65781.66666666667,218.33333333332848,0.33
36000,32732.0,3268.0,9.08
49000,43068.33,5931.669999999998,12.11
20000,18090.0,1910.0,9.55
35000,33935.16666666667,1064.8333333333285,3.04
75000,82878.0,-7878.0,-10.5
57000,94355.0,-37355.0,-65.54
18800,19160.5,-360.5,-1.92
32000,32883.16166666667,-883.1616666666669,-2.76
29500,35644.666666666664,-6144.666666666664,-20.83
30500,31285.0,-785.0,-2.57
69000,51303.12483333333,17696.875166666672,25.65
20800,22588.0,-1788.0,-8.6
55000,58179.88,-3179.8799999999974,-5.78
45000,43545.33333333334,1454.666666666657,3.23
18000,20088.666666666664,-2088.6666666666642,-11.6
37900,35404.75,2495.25,6.58
59000,60765.0,-1765.0,-2.99
85000,75951.36,9048.64,10.65
37500,43303.91666666667,-5803.9166666666715,-15.48
42000,38971.833333333336,3028.1666666666642,7.21
75000,79184.98,-4184.979999999996,-5.58
40000,47797.0,-7797.0,-19.49
26000,24909.490000000005,1090.5099999999948,4.19
85000,80910.0,4090.0,4.81
26000,26443.5,-443.5,-1.71
57000,58832.68,-1832.6800000000003,-3.22
26000,24011.916666666664,1988.0833333333358,7.65
69000,63836.0,5164.0,7.48
12345,36204.166666666664,-23859.166666666664,-193.27
25000,38631.53333333333,-13631.533333333333,-54.53
29000,25789.0,3211.0,11.07
26500,26982.49,-482.4900000000016,-1.82
30500,28279.5,2220.5,7.28
39500,41085.0,-1585.0,-4.01
28000,42306.85,-14306.849999999999,-51.1
33000,32670.0,330.0,1.0
72000,73909.99,-1909.9900000000052,-2.65
41500,36816.65,4683.3499999999985,11.29
29500,33007.0,-3507.0,-11.89
21800,21577.9,222.09999999999854,1.02
85000,74422.0,10578.0,12.44
42000,35576.22,6423.779999999999,15.29
20000,21739.0,-1739.0,-8.7
37000,36112.49333333333,887.506666666668,2.4
100000,94710.0,5290.0,5.29
76000,79434.0,-3434.0,-4.52
88500,91700.0,-3200.0,-3.62
49900,48695.0,1205.0,2.41
31999,37483.030000000006,-5484.030000000006,-17.14
28000,32363.5,-4363.5,-15.58
42000,31716.5,10283.5,24.48
43000,42007.0,993.0,2.31
44000,36577.0,7423.0,16.87
35000,35160.8,-160.8000000000029,-0.46
73000,76530.0,-3530.0,-4.84
34000,34096.799523809525,-96.79952380952454,-0.28
31500,31595.0,-95.0,-0.3
39500,35510.93,3989.0699999999997,10.1
87000,90229.98,-3229.979999999996,-3.71
50000,44271.65916666667,5728.340833333328,11.46
34500,35600.136666666665,-1100.1366666666654,-3.19
14400,19857.666666666664,-5457.666666666664,-37.9
40000,44325.0,-4325.0,-10.81
59900,48230.63666666667,11669.363333333327,19.48
23400,21558.96,1841.0400000000009,7.87
37000,36115.0,885.0,2.39
25500,27249.166666666664,-1749.1666666666642,-6.86
25000,26718.98,-1718.9799999999996,-6.88
89000,94146.66666666669,-5146.666666666686,-5.78
43000,40155.0,2845.0,6.62
48000,46620.22,1379.7799999999988,2.87
16000,17119.0,-1119.0,-6.99
79900,62704.0,17196.0,21.52
49500,36643.94,12856.059999999998,25.97
29000,32647.83333333334,-3647.8333333333394,-12.58
34400,34690.51583333333,-290.5158333333311,-0.84
25800,33013.0,-7213.0,-27.96
25000,22624.025809523813,2375.974190476187,9.5
28999,29501.573333333334,-502.5733333333337,-1.73
66750,40214.666666666664,26535.333333333336,39.75
81000,78478.535,2521.4649999999965,3.11
14800,20281.455,-5481.455000000002,-37.04
33000,31997.0,1003.0,3.04
64500,65255.01333333333,-755.0133333333288,-1.17
46000,50113.88,-4113.879999999997,-8.94
35000,34590.0,410.0,1.17
42000,49245.16666666666,-7245.166666666657,-17.25
34500,33879.0,621.0,1.8
32000,38142.0,-6142.0,-19.19
42000,44545.0,-2545.0,-6.06
30000,46917.10299999999,-16917.10299999999,-56.39
42500,46417.33333333334,-3917.333333333343,-9.22
50000,48302.609333333334,1697.3906666666662,3.39
6500,13140.9,-6640.9,-102.17
65000,25679.5,39320.5,60.49
6500,17236.0,-10736.0,-165.17
52000,65677.0,-13677.0,-26.3
48500,50439.93,-1939.9300000000003,-4.0
39500,38091.95,1408.050000000003,3.56
39000,35195.45,3804.550000000003,9.76
37500,39512.555,-2012.5550000000003,-5.37
54000,51241.5,2758.5,5.11
42000,44241.0,-2241.0,-5.34
41000,42771.0,-1771.0,-4.32
29000,25745.0,3255.0,11.22
77000,82763.33714285714,-5763.337142857141,-7.48
24000,25701.0,-1701.0,-7.09
32000,31329.0,671.0,2.1
77000,77653.9761904762,-653.9761904761981,-0.85
69000,72586.8,-3586.800000000003,-5.2
17000,18323.616666666665,-1323.616666666665,-7.79
38000,45669.0,-7669.0,-20.18
15500,20926.833333333332,-5426.833333333332,-35.01
54000,58353.0,-4353.0,-8.06
37000,35598.0,1402.0,3.79
33000,35798.0,-2798.0,-8.48
37000,29495.0,7505.0,20.28
31000,30519.16666666667,480.8333333333285,1.55
30000,30072.373333333337,-72.37333333333663,-0.24
8700,9111.166666666666,-411.16666666666606,-4.73
12344,30180.656666666666,-17836.656666666666,-144.5
92000,85514.0,6486.0,7.05
79000,75190.0,3810.0,4.82
83000,79105.0,3895.0,4.69
36500,35007.833333333336,1492.1666666666642,4.09
25000,36272.25,-11272.25,-45.09
46500,48821.5,-2321.5,-4.99
68000,69359.0,-1359.0,-2.0
89000,88290.0,710.0,0.8
63000,72739.97,-9739.970000000001,-15.46
59000,50562.0,8438.0,14.3
43000,47842.54,-4842.540000000001,-11.26
91500,71496.99,20003.009999999995,21.86
65000,68752.99,-3752.9900000000052,-5.77
20500,24318.5,-3818.5,-18.63
65000,63994.0,1006.0,1.55
20000,20598.25,-598.25,-2.99
31000,27771.66,3228.34,10.41
39200,43633.0,-4433.0,-11.31
29000,29102.97,-102.97000000000116,-0.36
33000,26795.44,6204.560000000001,18.8
46000,47050.0,-1050.0,-2.28
26000,26814.0,-814.0,-3.13
54500,66333.0,-11833.0,-21.71
22400,20694.5,1705.5,7.61
75000,68644.59,6355.4100000000035,8.47
28500,29305.0,-805.0,-2.82
39000,35065.333333333336,3934.6666666666642,10.09
30000,30735.0,-735.0,-2.45
38000,41044.0,-3044.0,-8.01
30000,27974.65,2025.3499999999985,6.75
44000,48481.95238095238,-4481.952380952382,-10.19
39000,39837.666666666664,-837.6666666666642,-2.15
20000,18414.0,1586.0,7.93
79000,79184.98,-184.97999999999593,-0.23
22900,28999.0,-6099.0,-26.63
18500,12176.494047619046,6323.505952380954,34.18
77000,82050.0,-5050.0,-6.56
27500,28253.08333333333,-753.0833333333285,-2.74
37000,35372.45,1627.550000000003,4.4
33000,33949.0,-949.0,-2.88
10200,11533.2,-1333.2000000000007,-13.07
55000,52328.3,2671.699999999997,4.86
78000,69089.0,8911.0,11.42
36000,27887.0,8113.0,22.54
102000,82338.1,19661.899999999994,19.28
44500,48095.0,-3595.0,-8.08
27000,20691.44,6308.560000000001,23.37
35998,43360.0,-7362.0,-20.45
16500,18509.503333333334,-2009.503333333334,-12.18
27500,24897.0,2603.0,9.47
79000,73584.99,5415.009999999995,6.85
80000,60044.21333333333,19955.786666666667,24.94
49000,58630.47333333333,-9630.473333333328,-19.65
23000,23595.166666666664,-595.1666666666642,-2.59
62000,44203.2,17796.800000000003,28.7
38800,32764.99,6035.009999999998,15.55
35500,43617.0,-8117.0,-22.86
19000,21408.666666666664,-2408.6666666666642,-12.68
54500,37661.27666666667,16838.723333333328,30.9
26500,26326.666666666664,173.33333333333576,0.65
36000,31205.0,4795.0,13.32
33000,28530.25,4469.75,13.54
39900,41424.0,-1524.0,-3.82
40000,33883.229166666664,6116.770833333336,15.29
60000,60091.42857142857,-91.42857142857247,-0.15
45000,38806.82833333334,6193.171666666662,13.76
32000,34910.61666666667,-2910.6166666666686,-9.1
82000,79235.0,2765.0,3.37
35500,34145.9,1354.0999999999985,3.81
65000,51698.11904761904,13301.880952380961,20.46
22400,25049.87,-2649.869999999999,-11.83
9000,16009.44,-7009.4400000000005,-77.88
45000,39230.0,5770.0,12.82
81000,95636.66666666666,-14636.666666666657,-18.07
35000,46254.0,-11254.0,-32.15
32000,31805.16666666667,194.83333333332848,0.61
36000,34892.61666666667,1107.3833333333314,3.08
48000,47245.0,755.0,1.57
32000,33732.0,-1732.0,-5.41
16000,16820.0,-820.0,-5.12
36000,30437.01583333333,5562.984166666669,15.45
19000,17595.666666666664,1404.3333333333358,7.39
37000,37814.0,-814.0,-2.2
25000,40505.5,-15505.5,-62.02
55000,67310.0,-12310.0,-22.38
15500,14147.25,1352.75,8.73
26800,31357.0,-4557.0,-17.0
67000,69310.0,-2310.0,-3.45
40000,37669.43666666667,2330.5633333333317,5.83
14800,32243.0,-17443.0,-117.86
43000,44770.0,-1770.0,-4.12
26000,23195.0,2805.0,10.79
36000,34994.0,1006.0,2.79
18000,17926.5,73.5,0.41
18500,23609.66666666667,-5109.6666666666715,-27.62
16700,11439.22,5260.780000000001,31.5
40000,34625.0,5375.0,13.44
35000,35040.25,-40.25,-0.12
23500,28003.0,-4503.0,-19.16
8800,12130.0,-3330.0,-37.84
37000,40045.33333333333,-3045.3333333333285,-8.23
24000,25083.666666666664,-1083.6666666666642,-4.52
40500,42560.0,-2060.0,-5.09
69000,60162.555,8837.445,12.81
58000,67961.0,-9961.0,-17.17
27500,28442.0,-942.0,-3.43
45500,43690.0,1810.0,3.98
31000,32914.0,-1914.0,-6.17
62000,59675.0,2325.0,3.75
46000,41774.0,4226.0,9.19
55000,78275.0,-23275.0,-42.32
43500,43745.66666666667,-245.66666666667152,-0.56
48000,46831.0,1169.0,2.44
64000,55318.02,8681.980000000003,13.57
24500,25611.5,-1111.5,-4.54
30900,30717.1,182.90000000000146,0.59
60000,52055.5,7944.5,13.24
73000,65887.875,7112.125,9.74
57500,64582.66666666667,-7082.6666666666715,-12.32
65500,71923.33333333333,-6423.3333333333285,-9.81
79000,82510.0,-3510.0,-4.44
91000,99796.0,-8796.0,-9.67
15000,14712.0,288.0,1.92
42000,38026.89,3973.1100000000006,9.46
31000,29709.0,1291.0,4.16
28000,31183.0,-3183.0,-11.37
35000,36440.6,-1440.5999999999985,-4.12
21000,23637.0,-2637.0,-12.56
41000,40614.99,385.01000000000204,0.94
18500,15788.0,2712.0,14.66
26000,24797.94,1202.0600000000013,4.62
62000,47695.98,14304.019999999997,23.07
17000,16802.263333333336,197.73666666666395,1.16
50000,51050.0,-1050.0,-2.1
24500,24489.0,11.0,0.04
55000,48799.0,6201.0,11.27
39800,41368.88,-1568.8799999999974,-3.94
59500,59944.21333333333,-444.21333333333314,-0.75
95000,89250.0,5750.0,6.05
64500,54183.33333333334,10316.666666666657,15.99
18000,13616.0,4384.0,24.36
60500,64476.15333333333,-3976.153333333328,-6.57
31000,26545.0,4455.0,14.37
24500,24814.0,-314.0,-1.28
36000,33935.16666666667,2064.8333333333285,5.74
46000,47260.0,-1260.0,-2.74
18800,17945.0,855.0,4.55
12345,32713.33,-20368.33,-164.99
27800,26658.0,1142.0,4.11
28900,28677.366666666665,222.63333333333503,0.77
35000,39733.23,-4733.230000000003,-13.52
53000,65141.0,-12141.0,-22.91
24800,28799.98,-3999.9799999999996,-16.13
43000,49001.99,-6001.989999999998,-13.96
62000,51209.0,10791.0,17.4
19200,16694.96,2505.040000000001,13.05
36500,40549.166666666664,-4049.1666666666642,-11.09
42000,45339.21428571429,-3339.21428571429,-7.95
27000,26342.0,658.0,2.44
32000,32296.98,-296.97999999999956,-0.93
42000,45677.33333333333,-3677.3333333333285,-8.76
85000,87605.0,-2605.0,-3.06
76000,74929.65666666668,1070.3433333333232,1.41
92000,62565.48,29434.519999999997,31.99
21500,21576.333333333336,-76.33333333333576,-0.36
32000,34418.97,-2418.970000000001,-7.56
40000,38364.16047619048,1635.8395238095181,4.09
46500,37752.22,8747.779999999999,18.81
43000,48169.76666666666,-5169.766666666663,-12.02
40000,34364.99,5635.010000000002,14.09
11800,11354.0,446.0,3.78
52000,44500.0,7500.0,14.42
14300,18634.97,-4334.970000000001,-30.31
55000,70854.0,-15854.0,-28.83
36000,32433.0,3567.0,9.91
38500,42253.61,-3753.6100000000006,-9.75
28500,33695.404761904756,-5195.404761904756,-18.23
46000,35473.46,10526.54,22.88
11200,18722.999999999996,-7522.999999999996,-67.17
55000,56546.037666666656,-1546.0376666666562,-2.81
28000,26371.02,1628.9799999999996,5.82
51900,51036.66666666667,863.3333333333285,1.66
16500,25045.0,-8545.0,-51.79
45000,44040.0,960.0,2.13
30500,27758.0,2742.0,8.99
21500,32288.63047619048,-10788.63047619048,-50.18
93000,91590.0,1410.0,1.52
6900,11280.9,-4380.9,-63.49
77000,99010.0,-22010.0,-28.58
18600,16537.68,2062.3199999999997,11.09
28000,29954.0,-1954.0,-6.98
65000,39438.0,25562.0,39.33
86000,67077.15,18922.850000000006,22.0
84500,69696.6,14803.399999999994,17.52
41000,42954.7619047619,-1954.761904761901,-4.77
34500,33951.65,548.3499999999985,1.59
38500,38776.666666666664,-276.66666666666424,-0.72
31000,27585.0,3415.0,11.02
26000,29213.33,-3213.3300000000017,-12.36
28500,31949.5,-3449.5,-12.1
22500,21885.15,614.8499999999985,2.73
21000,20127.25,872.75,4.16
49000,66829.60666666667,-17829.606666666674,-36.39
17500,21848.74,-4348.740000000002,-24.85
25000,22240.99,2759.0099999999984,11.04
25000,27510.000000000004,-2510.0000000000036,-10.04
74000,72268.0,1732.0,2.34
22000,18990.0,3010.0,13.68
62000,65981.0,-3981.0,-6.42
33500,34036.04,-536.0400000000009,-1.6
38500,38082.16666666667,417.8333333333285,1.09
8500,14745.333333333332,-6245.333333333332,-73.47
27500,28576.98,-1076.9799999999996,-3.92
25500,26975.0,-1475.0,-5.78
25000,46284.99,-21284.989999999998,-85.14
45000,43464.11,1535.8899999999994,3.41
30000,31735.0,-1735.0,-5.78
69000,74005.16666666667,-5005.1666666666715,-7.25
34500,33036.96833333334,1463.0316666666622,4.24
66900,62800.97999999999,4099.020000000011,6.13
32000,35442.333333333336,-3442.3333333333358,-10.76
27500,29185.0,-1685.0,-6.13
58000,75430.46,-17430.460000000006,-30.05
42000,38970.0,3030.0,7.21
68994,68686.0,308.0,0.45
45000,37616.0,7384.0,16.41
75000,27957.97,47042.03,62.72
26500,25847.0,653.0,2.46
30000,28961.05,1038.9500000000007,3.46
36500,39020.5,-2520.5,-6.91
19000,23519.5,-4519.5,-23.79
46500,34578.0,11922.0,25.64
48000,39442.5,8557.5,17.83
52000,50156.33333333334,1843.666666666657,3.55
22000,22402.80952380952,-402.8095238095193,-1.83
16000,23484.3100952381,-7484.310095238099,-46.78
42500,44040.0,-1540.0,-3.62
33000,54302.0,-21302.0,-64.55
40000,39135.0,865.0,2.16
47000,52178.66666666667,-5178.6666666666715,-11.02
34500,34133.99,366.01000000000204,1.06
89000,85702.02857142859,3297.9714285714144,3.71
50500,48585.85,1914.1500000000015,3.79
20000,15571.92,4428.08,22.14
45000,33653.02333333333,11346.97666666667,25.22
62000,57063.33333333334,4936.666666666657,7.96
29500,26797.0,2703.0,9.16
58500,40061.49,18438.510000000002,31.52
35800,34667.0,1133.0,3.16
29500,31045.86,-1545.8600000000006,-5.24
23999,36751.0,-12752.0,-53.14
47500,44860.0,2640.0,5.56
84000,91455.0,-7455.0,-8.88
75000,61883.33333333334,13116.666666666657,17.49
34000,38484.47,-4484.470000000001,-13.19
36000,32764.99,3235.0099999999984,8.99
25500,31318.46,-5818.459999999999,-22.82
89000,88390.0,610.0,0.69
42000,45131.0,-3131.0,-7.45
54000,48803.16666666666,5196.833333333343,9.62
21000,27155.0,-6155.0,-29.31
35000,30518.500000000004,4481.499999999996,12.8
95000,69618.33333333333,25381.66666666667,26.72
62500,64950.0,-2450.0,-3.92
18000,19297.000000000004,-1297.0000000000036,-7.21
26500,31489.16666666667,-4989.1666666666715,-18.83
20000,17168.416666666668,2831.583333333332,14.16
45900,44135.49,1764.510000000002,3.84
44000,41093.33,2906.6699999999983,6.61
46000,44196.1,1803.9000000000015,3.92
28000,30667.70238095239,-2667.702380952389,-9.53
38000,39680.666666666664,-1680.6666666666642,-4.42
38500,37844.0,656.0,1.7
32000,36344.12,-4344.120000000003,-13.58
57000,51035.0,5965.0,10.46
37800,33494.1,4305.9000000000015,11.39
99000,80944.22,18055.78,18.24
27000,26010.0,990.0,3.67
38900,34915.0,3985.0,10.24
38000,35315.44,2684.5599999999977,7.06
28900,27065.94,1834.0600000000013,6.35
